MIN,Acute_Load_5G,Chronic_Load_15G,Injury_Class
20,20.0,20.0,0
13,16.5,16.5,0
14,15.666666666666666,15.666666666666666,0
15,15.5,15.5,0
23,17.0,17.0,0
19,16.8,17.333333333333332,0
18,17.8,17.428571428571427,0
19,18.8,17.625,0
24,20.6,18.333333333333332,0
28,21.6,19.3,0
26,23.0,19.90909090909091,0
32,25.8,20.916666666666668,0
10,24.0,20.076923076923077,0
23,23.8,20.285714285714285,0
21,22.4,20.333333333333332,0
32,23.6,21.133333333333333,0
29,23.0,22.2,0
17,24.4,22.4,0
31,26.0,23.466666666666665,0
28,27.4,23.8,0
25,26.0,24.2,0
34,27.0,25.266666666666666,0
32,30.0,26.133333333333333,0
31,30.0,26.6,0
24,29.2,26.333333333333332,0
26,29.4,26.333333333333332,0
34,29.4,26.466666666666665,0
24,27.8,27.4,0
29,27.4,27.8,0
11,24.8,27.133333333333333,1
10,21.6,25.666666666666668,1
15,17.8,24.733333333333334,0
31,19.2,25.666666666666668,0
30,19.4,25.6,0
37,24.6,26.2,0
27,28.0,26.333333333333332,0
33,31.6,26.266666666666666,0
32,31.8,26.266666666666666,0
28,31.4,26.066666666666666,0
29,29.8,26.4,0
34,31.2,26.933333333333334,0
29,30.4,26.6,0
27,29.4,26.8,0
40,31.8,27.533333333333335,0
40,34.0,29.466666666666665,0
31,33.4,30.866666666666667,0
37,35.0,32.333333333333336,0
31,35.8,32.333333333333336,0
35,34.8,32.666666666666664,0
33,33.4,32.4,0
27,32.6,32.4,0
29,31.0,32.13333333333333,0
30,30.8,32.0,0
32,30.2,32.266666666666666,0
31,29.8,32.4,0
33,31.0,32.333333333333336,0
29,31.0,32.333333333333336,0
36,32.2,32.93333333333333,0
7,27.2,30.733333333333334,0
25,26.0,29.733333333333334,0
34,26.2,29.933333333333334,0
33,27.0,29.666666666666668,0
35,26.8,29.933333333333334,0
29,31.2,29.533333333333335,0
27,31.6,29.133333333333333,0
34,31.6,29.6,0
35,32.0,30.0,0
33,31.6,30.2,0
33,32.4,30.266666666666666,0
33,33.6,30.4,0
3,3.0,3.0,0
4,3.5,3.5,0
4,3.6666666666666665,3.6666666666666665,0
1,3.0,3.0,0
4,3.2,3.2,0
26,26.0,26.0,0
33,29.5,29.5,0
35,31.333333333333332,31.333333333333332,0
33,31.75,31.75,0
31,31.6,31.6,0
36,33.6,32.333333333333336,0
34,33.8,32.57142857142857,0
39,34.6,33.375,0
39,35.8,34.0,0
44,38.4,35.0,0
39,39.0,35.36363636363637,0
40,40.2,35.75,0
32,38.8,35.46153846153846,0
38,38.6,35.642857142857146,0
31,36.0,35.333333333333336,0
36,35.4,36.0,0
35,34.4,36.13333333333333,0
39,35.8,36.4,0
33,34.8,36.4,0
25,33.6,36.0,0
34,33.2,35.86666666666667,0
36,33.4,36.0,0
35,32.6,35.733333333333334,0
41,34.2,35.86666666666667,0
36,36.4,35.333333333333336,0
34,36.4,35.0,0
31,35.4,34.4,0
35,35.4,34.6,0
37,34.6,34.53333333333333,0
34,34.2,34.733333333333334,0
31,33.6,34.4,0
25,32.4,33.733333333333334,0
26,30.6,32.86666666666667,0
45,32.2,33.666666666666664,0
30,31.4,34.0,0
29,31.0,33.666666666666664,0
30,32.0,33.266666666666666,0
31,33.0,33.0,0
33,30.6,32.46666666666667,0
25,29.6,31.733333333333334,0
22,28.2,30.933333333333334,0
29,28.0,30.8,0
37,29.2,30.933333333333334,0
44,31.4,31.4,0
38,34.0,31.666666666666668,0
38,37.2,32.13333333333333,0
35,38.4,32.8,0
34,37.8,33.333333333333336,0
37,36.4,32.8,0
34,35.6,33.06666666666667,0
35,35.0,33.46666666666667,0
37,35.4,33.93333333333333,0
35,35.6,34.2,0
37,35.6,34.46666666666667,0
35,35.8,35.13333333333333,0
31,35.0,35.733333333333334,0
42,36.0,36.6,0
31,35.2,36.2,0
38,35.4,35.8,0
43,37.0,36.13333333333333,0
38,38.4,36.13333333333333,0
38,37.6,36.333333333333336,0
35,38.4,36.4,0
33,37.4,36.13333333333333,0
30,34.8,35.86666666666667,0
34,34.0,35.8,0
37,33.8,35.8,0
38,34.4,36.0,0
32,34.2,35.666666666666664,0
34,35.0,35.6,0
38,35.8,36.06666666666667,0
28,34.0,35.13333333333333,0
31,32.6,35.13333333333333,0
31,32.4,34.666666666666664,0
34,32.4,34.06666666666667,0
43,33.4,34.4,0
35,34.8,34.2,0
22,33.0,33.333333333333336,0
34,33.6,33.4,0
28,32.4,33.266666666666666,0
38,31.4,33.53333333333333,0
30,30.4,33.06666666666667,0
37,33.4,33.0,0
36,33.8,33.266666666666666,0
30,34.2,33.0,0
8,28.2,31.0,0
29,28.0,31.066666666666666,0
29,26.4,30.933333333333334,0
33,25.8,31.066666666666666,0
29,25.6,30.733333333333334,0
29,29.8,29.8,0
33,30.6,29.666666666666668,0
32,31.2,30.333333333333332,0
28,30.2,29.933333333333334,0
40,32.4,30.733333333333334,0
25,31.6,29.866666666666667,0
36,32.2,30.266666666666666,0
33,32.4,30.0,0
31,33.0,29.666666666666668,0
36,32.2,30.066666666666666,0
34,34.0,31.8,0
34,33.6,32.13333333333333,0
21,31.2,31.6,0
33,31.6,31.6,0
34,31.2,31.933333333333334,1
29,30.2,31.933333333333334,0
28,29.0,31.6,0
25,29.8,31.133333333333333,0
32,29.6,31.4,0
32,29.2,30.866666666666667,0
33,30.0,31.4,0
32,30.8,31.133333333333333,0
26,31.0,30.666666666666668,0
30,30.6,30.6,0
37,31.6,30.666666666666668,0
31,31.2,30.466666666666665,0
32,31.2,30.333333333333332,0
39,33.8,31.533333333333335,1
34,34.6,31.6,0
36,34.4,31.733333333333334,0
22,32.6,31.266666666666666,0
30,32.2,31.4,0
35,31.4,32.06666666666667,0
28,30.2,31.8,1
37,30.4,32.13333333333333,0
37,33.4,32.4,0
27,32.8,32.06666666666667,0
27,31.2,32.13333333333333,0
31,31.8,32.2,0
36,31.6,32.13333333333333,0
35,31.2,32.4,0
35,32.8,32.6,0
25,32.4,31.666666666666668,0
39,34.0,32.0,0
34,33.6,31.866666666666667,0
42,35.0,33.2,0
35,35.0,33.53333333333333,0
38,37.6,33.733333333333334,0
38,37.4,34.4,0
45,39.6,34.93333333333333,0
29,37.0,34.4,0
33,36.6,34.8,0
31,35.2,35.06666666666667,0
33,34.2,35.2,0
42,33.6,35.6,0
38,35.4,35.8,0
24,33.6,35.06666666666667,0
37,34.8,35.86666666666667,0
37,35.6,35.733333333333334,0
17,17.0,17.0,0
20,18.5,18.5,0
8,15.0,15.0,0
11,14.0,14.0,0
8,12.8,12.8,0
14,12.2,13.0,0
3,8.8,11.571428571428571,0
12,9.6,11.625,0
15,10.4,12.0,0
10,10.8,11.8,0
5,9.0,11.181818181818182,0
4,9.2,10.583333333333334,0
3,7.4,10.0,0
3,5.0,9.5,0
4,3.8,9.133333333333333,0
10,4.8,8.666666666666666,0
27,9.4,9.133333333333333,0
11,11.0,9.333333333333334,0
3,11.0,8.8,0
5,11.2,8.6,0
13,11.8,8.533333333333333,0
14,9.2,9.266666666666667,0
29,12.8,10.4,0
15,15.2,10.4,0
9,16.0,10.333333333333334,0
13,16.0,10.866666666666667,0
28,18.8,12.466666666666667,0
17,16.4,13.4,0
12,15.8,14.0,0
6,15.2,14.133333333333333,0
17,16.0,14.6,0
13,13.0,13.666666666666666,0
34,16.4,15.2,0
28,19.6,16.866666666666667,0
37,25.8,19.0,0
27,27.8,19.933333333333334,0
35,32.2,21.333333333333332,0
38,33.0,21.933333333333334,0
27,32.8,22.733333333333334,0
31,31.6,24.2,0
29,32.0,25.266666666666666,0
19,28.8,24.666666666666668,0
18,24.8,24.733333333333334,0
24,24.2,25.533333333333335,0
27,23.4,26.933333333333334,0
28,23.2,27.666666666666668,0
23,24.0,28.333333333333332,0
22,24.8,27.533333333333335,0
21,24.2,27.066666666666666,0
18,22.4,25.8,0
22,21.2,25.466666666666665,0
32,23.0,25.266666666666666,0
34,25.4,25.0,0
21,25.4,24.6,0
21,26.0,23.933333333333334,0
26,26.8,23.733333333333334,0
23,25.0,24.0,0
24,23.0,24.4,0
31,25.0,24.866666666666667,0
31,27.0,25.133333333333333,0
6,23.0,23.666666666666668,0
19,22.2,23.4,0
14,20.2,22.866666666666667,0
10,16.0,22.133333333333333,0
22,14.2,22.4,0
20,17.0,22.266666666666666,0
13,15.8,21.0,0
12,15.4,19.533333333333335,0
27,18.8,19.933333333333334,0
24,19.2,20.133333333333333,0
21,19.4,19.8,0
13,19.4,19.133333333333333,0
23,21.6,19.066666666666666,0
24,21.0,18.6,0
22,20.6,18.0,0
18,20.0,18.8,0
17,20.8,18.666666666666668,0
15,19.2,18.733333333333334,0
19,18.2,19.333333333333332,0
18,17.4,19.066666666666666,0
22,18.2,19.2,0
21,19.0,19.733333333333334,0
14,18.8,19.866666666666667,0
18,18.6,19.266666666666666,0
11,17.2,18.4,0
7,14.2,17.466666666666665,0
5,11.0,16.933333333333334,0
5,9.2,15.733333333333333,0
1,5.8,14.2,0
5,4.6,13.066666666666666,0
19,7.0,13.133333333333333,0
20,10.0,13.333333333333334,0
1,9.2,12.4,0
3,9.6,11.333333333333334,0
9,10.4,10.733333333333333,0
14,9.4,10.2,0
24,10.2,10.4,0
16,13.2,10.533333333333333,0
14,15.4,10.266666666666667,0
18,17.2,10.733333333333333,0
15,17.4,11.266666666666667,0
12,15.0,11.733333333333333,1
31,31.0,31.0,0
33,32.0,32.0,0
31,31.666666666666668,31.666666666666668,0
34,32.25,32.25,0
34,32.6,32.6,0
28,32.0,31.833333333333332,0
30,31.4,31.571428571428573,0
32,31.6,31.625,0
31,31.0,31.555555555555557,0
18,27.8,30.2,0
21,26.4,29.363636363636363,0
34,27.2,29.75,0
41,29.0,30.615384615384617,0
32,29.2,30.714285714285715,0
33,32.2,30.866666666666667,0
17,31.4,29.933333333333334,0
35,31.6,30.066666666666666,0
35,30.4,30.333333333333332,0
29,29.8,30.0,0
26,28.4,29.466666666666665,0
34,31.8,29.866666666666667,0
36,32.0,30.266666666666666,0
30,31.0,30.133333333333333,0
21,29.4,29.466666666666665,0
34,31.0,30.533333333333335,0
35,31.2,31.466666666666665,0
27,29.4,31.0,0
21,27.6,29.666666666666668,0
24,28.2,29.133333333333333,0
24,26.2,28.533333333333335,0
37,26.6,29.866666666666667,0
34,28.0,29.8,0
34,30.6,29.733333333333334,0
35,32.8,30.133333333333333,0
33,34.6,30.6,0
42,35.6,31.133333333333333,0
22,33.2,30.2,0
31,32.6,30.266666666666666,0
32,32.0,31.0,0
19,29.2,30.0,0
34,27.6,29.933333333333334,0
31,29.4,30.2,0
36,30.4,31.2,0
36,31.2,32.0,0
35,34.4,32.733333333333334,0
17,31.0,31.4,0
31,31.0,31.2,0
33,30.4,31.133333333333333,0
20,27.2,30.133333333333333,0
33,26.8,30.133333333333333,0
26,28.6,29.066666666666666,0
36,29.6,30.0,0
28,28.6,29.8,0
30,30.6,29.666666666666668,0
13,26.6,29.266666666666666,0
36,28.6,29.4,0
27,26.8,29.133333333333333,0
28,26.8,28.6,0
32,27.2,28.333333333333332,0
28,30.2,27.866666666666667,0
31,29.2,28.8,0
26,29.0,28.466666666666665,0
30,29.4,28.266666666666666,0
27,28.4,28.733333333333334,0
36,30.0,28.933333333333334,0
30,29.8,29.2,0
26,29.8,28.533333333333335,0
25,28.8,28.333333333333332,0
34,30.2,28.6,0
32,29.4,29.866666666666667,0
29,29.2,29.4,0
24,28.8,29.2,0
27,29.2,29.133333333333333,0
31,28.6,29.066666666666666,0
32,28.6,29.333333333333332,0
33,29.4,29.466666666666665,0
15,27.6,28.733333333333334,0
21,26.4,28.133333333333333,0
24,25.0,27.933333333333334,0
22,23.0,27.0,0
19,20.2,26.266666666666666,0
29,23.0,26.466666666666665,0
32,25.2,26.933333333333334,0
28,26.0,26.533333333333335,0
20,25.6,25.733333333333334,0
29,27.6,25.733333333333334,1
28,27.4,26.0,0
25,26.0,25.866666666666667,0
32,26.8,25.933333333333334,0
23,27.4,25.333333333333332,0
20,25.6,24.466666666666665,0
18,23.6,24.666666666666668,0
25,23.6,24.933333333333334,0
5,18.2,23.666666666666668,1
20,17.6,23.533333333333335,0
34,20.4,24.533333333333335,0
37,24.2,25.066666666666666,0
27,24.6,24.733333333333334,0
27,29.0,24.666666666666668,0
34,31.8,25.6,0
29,30.8,25.6,0
29,29.2,25.666666666666668,0
27,29.2,25.8,0
22,28.2,25.133333333333333,0
22,25.8,25.066666666666666,0
28,25.6,25.6,0
20,23.8,25.733333333333334,0
19,22.2,25.333333333333332,0
23,22.4,26.533333333333335,0
27,27.0,27.0,0
31,29.0,29.0,0
30,29.333333333333332,29.333333333333332,0
25,28.25,28.25,0
29,28.4,28.4,0
23,27.6,27.5,0
32,27.8,28.142857142857142,0
21,26.0,27.25,0
25,26.0,27.0,0
23,24.8,26.6,0
13,22.8,25.363636363636363,0
25,21.4,25.333333333333332,0
18,20.8,24.76923076923077,0
25,20.8,24.785714285714285,0
24,21.0,24.733333333333334,0
23,23.0,24.466666666666665,0
33,24.6,24.6,0
32,27.4,24.733333333333334,0
41,30.6,25.8,0
37,33.2,26.333333333333332,0
29,34.4,26.733333333333334,0
23,32.4,26.133333333333333,0
24,30.8,26.333333333333332,0
23,27.2,26.2,0
26,25.0,26.4,0
28,24.8,27.4,0
21,24.4,27.133333333333333,0
27,25.0,27.733333333333334,0
23,25.0,27.6,0
31,26.0,28.066666666666666,0
31,26.6,28.6,0
33,29.0,28.6,0
36,30.8,28.866666666666667,0
43,34.8,29.0,0
29,34.4,28.466666666666665,0
27,33.6,28.333333333333332,0
34,33.8,29.066666666666666,0
37,34.0,29.933333333333334,0
35,32.4,30.733333333333334,0
39,34.4,31.6,0
26,34.2,31.466666666666665,0
34,34.2,32.333333333333336,0
38,34.4,33.06666666666667,0
38,35.0,34.06666666666667,0
25,32.2,33.666666666666664,0
22,31.4,33.06666666666667,0
43,33.2,33.733333333333334,0
23,30.2,32.86666666666667,0
18,26.2,31.2,0
23,25.8,30.8,0
34,28.2,31.266666666666666,0
28,25.2,30.866666666666667,0
34,27.4,30.666666666666668,0
23,28.4,29.866666666666667,0
36,31.0,29.666666666666668,0
6,25.4,28.333333333333332,0
42,28.2,28.866666666666667,0
33,28.0,28.533333333333335,0
23,28.0,27.533333333333335,0
41,29.0,28.6,0
41,36.0,29.866666666666667,0
34,34.4,29.266666666666666,0
27,33.2,29.533333333333335,0
39,36.4,30.933333333333334,0
38,35.8,31.933333333333334,0
39,35.4,32.266666666666666,0
38,36.2,32.93333333333333,0
32,37.2,32.8,0
41,37.6,34.0,0
38,37.6,34.13333333333333,0
33,36.4,35.93333333333333,0
35,35.8,35.46666666666667,0
33,36.0,35.46666666666667,0
29,33.6,35.86666666666667,0
33,32.6,35.333333333333336,0
32,32.4,34.733333333333334,0
34,32.2,34.733333333333334,0
33,32.2,35.13333333333333,0
36,33.6,34.93333333333333,0
37,34.4,34.86666666666667,0
37,35.4,34.733333333333334,0
35,35.6,34.53333333333333,0
35,36.0,34.733333333333334,0
30,34.8,34.0,0
39,35.2,34.06666666666667,0
29,33.6,33.8,0
38,34.2,34.0,0
40,35.2,34.46666666666667,0
24,34.0,34.13333333333333,0
31,32.4,34.0,0
40,34.6,34.53333333333333,0
37,34.4,34.733333333333334,0
37,33.8,35.0,1
36,36.2,35.0,0
38,37.6,35.06666666666667,0
31,35.8,34.666666666666664,0
32,34.8,34.46666666666667,0
33,34.0,34.333333333333336,0
42,35.2,35.13333333333333,0
40,35.6,35.2,0
39,37.2,35.86666666666667,0
37,38.2,35.8,0
39,39.4,35.733333333333334,0
39,38.8,36.733333333333334,0
39,38.6,37.266666666666666,0
32,37.2,36.733333333333334,0
38,37.4,36.8,0
39,37.4,36.93333333333333,0
29,35.4,36.46666666666667,0
39,35.4,36.53333333333333,0
36,36.2,36.86666666666667,0
38,36.2,37.266666666666666,0
32,34.8,37.2,0
18,32.6,35.6,1
31,31.0,35.0,0
28,29.4,34.266666666666666,0
27,27.2,33.6,0
27,26.2,32.8,0
30,28.6,32.2,0
1,22.6,29.666666666666668,0
25,22.0,29.2,0
34,23.4,28.933333333333334,0
32,24.4,28.466666666666665,0
38,26.0,29.066666666666666,0
34,32.6,28.733333333333334,0
32,34.0,28.466666666666665,0
36,34.4,28.333333333333332,0
33,34.6,28.4,0
21,31.2,28.6,0
25,29.4,28.2,0
38,30.6,28.866666666666667,0
28,29.0,28.933333333333334,0
34,29.2,29.4,0
37,32.4,29.866666666666667,0
39,35.2,32.4,0
38,35.2,33.266666666666666,0
31,31.0,31.0,0
35,33.0,33.0,0
33,33.0,33.0,0
39,34.5,34.5,0
34,34.4,34.4,0
39,36.0,35.166666666666664,0
30,35.0,34.42857142857143,0
32,34.8,34.125,0
39,34.8,34.666666666666664,0
33,34.6,34.5,0
44,35.6,35.36363636363637,0
33,36.2,35.166666666666664,0
36,37.0,35.23076923076923,0
35,36.2,35.214285714285715,0
35,36.6,35.2,0
31,34.0,35.2,0
38,35.0,35.4,0
28,33.4,35.06666666666667,0
36,33.6,34.86666666666667,0
36,33.8,35.0,0
38,35.2,34.93333333333333,0
36,34.8,35.333333333333336,0
38,36.8,35.733333333333334,0
30,35.6,35.13333333333333,0
35,35.4,35.266666666666666,0
37,35.2,34.8,0
38,35.6,35.13333333333333,0
29,33.8,34.666666666666664,0
36,35.0,34.733333333333334,0
37,35.4,34.86666666666667,0
31,34.2,34.86666666666667,0
37,34.0,34.8,0
30,34.2,34.93333333333333,0
35,34.0,34.86666666666667,0
36,33.8,34.86666666666667,0
32,34.0,34.46666666666667,0
35,33.6,34.4,0
37,35.0,34.333333333333336,0
36,35.2,34.733333333333334,0
34,34.8,34.666666666666664,0
37,35.8,34.666666666666664,0
24,33.6,33.733333333333334,0
19,30.0,33.06666666666667,0
32,29.2,32.8,0
32,28.8,32.46666666666667,0
33,28.0,32.6,0
32,29.6,32.266666666666666,0
34,32.6,32.53333333333333,0
25,31.2,31.866666666666667,0
35,31.8,31.8,0
34,32.0,31.933333333333334,0
34,32.4,31.866666666666667,0
30,31.6,31.4,0
35,33.6,31.333333333333332,0
36,33.8,31.466666666666665,0
39,34.8,31.6,0
29,33.8,31.933333333333334,0
35,34.8,33.0,0
37,35.2,33.333333333333336,0
35,35.0,33.53333333333333,0
30,33.2,33.333333333333336,0
36,34.6,33.6,0
39,35.4,33.93333333333333,0
43,36.6,35.13333333333333,0
38,37.2,35.333333333333336,0
26,36.4,34.8,0
38,36.8,35.06666666666667,0
27,34.4,34.86666666666667,0
38,33.4,35.06666666666667,0
33,32.4,34.86666666666667,0
33,33.8,34.46666666666667,0
32,32.6,34.666666666666664,0
32,33.6,34.46666666666667,0
24,30.8,33.6,0
37,31.6,33.733333333333334,0
36,32.2,34.13333333333333,0
37,33.2,34.2,0
40,34.8,34.266666666666666,0
32,36.4,33.53333333333333,0
13,31.6,31.866666666666667,0
28,30.0,32.0,1
19,26.4,30.733333333333334,0
32,24.8,31.066666666666666,0
3,19.0,28.733333333333334,0
25,21.4,28.2,0
25,20.8,27.666666666666668,0
28,22.6,27.4,0
30,22.2,27.266666666666666,0
32,28.0,27.8,0
31,29.2,27.4,0
31,30.4,27.066666666666666,0
33,31.4,26.8,0
31,31.6,26.2,0
22,29.6,25.533333333333335,0
30,29.4,26.666666666666668,0
31,29.4,26.866666666666667,0
32,29.2,27.733333333333334,0
25,28.0,27.266666666666666,0
26,28.8,28.8,0
27,28.2,28.933333333333334,0
32,28.4,29.4,0
29,27.8,29.466666666666665,0
23,27.4,29.0,0
21,21.0,21.0,0
12,16.5,16.5,0
19,17.333333333333332,17.333333333333332,0
19,17.75,17.75,0
24,19.0,19.0,0
22,19.2,19.5,0
19,20.6,19.428571428571427,0
27,22.2,20.375,0
26,23.6,21.0,0
24,23.6,21.3,0
29,25.0,22.0,0
21,25.4,21.916666666666668,0
23,24.6,22.0,0
30,25.4,22.571428571428573,0
32,27.0,23.2,0
24,26.0,23.4,0
30,27.8,24.6,0
30,29.2,25.333333333333332,0
22,27.6,25.533333333333335,0
25,26.2,25.6,0
24,26.2,25.733333333333334,0
29,26.0,26.4,0
20,24.0,25.933333333333334,0
31,25.8,26.266666666666666,0
14,23.6,25.6,0
25,23.8,25.333333333333332,0
27,23.4,25.733333333333334,0
30,25.4,26.2,0
13,21.8,25.066666666666666,0
27,24.4,24.733333333333334,0
28,25.0,25.0,0
29,25.4,24.933333333333334,0
27,24.8,24.733333333333334,0
24,27.0,24.866666666666667,0
25,26.6,24.866666666666667,0
28,26.6,25.133333333333333,0
29,26.6,25.133333333333333,0
23,25.8,25.333333333333332,0
23,25.6,24.8,0
34,27.4,26.133333333333333,0
30,27.8,26.466666666666665,0
36,29.2,27.066666666666666,0
20,28.6,26.4,0
33,30.6,27.733333333333334,0
24,28.6,27.533333333333335,0
23,27.2,27.2,0
30,26.0,27.266666666666666,0
16,25.2,26.533333333333335,0
15,21.6,25.933333333333334,0
24,21.6,25.866666666666667,0
29,22.8,25.933333333333334,0
23,21.4,25.533333333333335,0
25,23.2,25.666666666666668,0
12,22.6,24.933333333333334,0
14,20.6,23.6,0
12,17.2,22.4,0
18,16.2,21.2,0
34,18.0,22.133333333333333,0
17,19.0,21.066666666666666,0
22,20.6,20.933333333333334,0
18,21.8,20.6,0
23,22.8,20.133333333333333,0
29,21.8,21.0,0
28,24.0,21.866666666666667,0
36,26.8,22.666666666666668,0
29,29.0,22.666666666666668,0
33,31.0,23.333333333333332,0
42,33.6,24.466666666666665,0
36,35.2,26.066666666666666,0
32,34.4,27.266666666666666,0
34,35.4,28.733333333333334,0
35,35.8,29.866666666666667,0
36,34.6,30.0,0
31,33.6,30.933333333333334,0
28,32.8,31.333333333333332,0
33,32.6,32.333333333333336,0
12,28.0,31.6,0
26,26.0,31.4,0
26,25.0,31.266666666666666,0
33,26.0,31.066666666666666,0
22,23.8,30.6,0
35,28.4,30.733333333333334,0
22,27.6,29.4,0
21,26.6,28.4,0
26,25.2,28.0,0
24,25.6,27.333333333333332,0
27,24.0,26.8,0
31,25.8,26.466666666666665,0
27,27.0,26.2,0
30,27.8,26.333333333333332,0
29,28.8,26.066666666666666,0
30,29.4,27.266666666666666,0
35,30.2,27.866666666666667,0
34,31.6,28.4,0
34,32.4,28.466666666666665,0
27,32.0,28.8,0
36,33.2,28.866666666666667,0
36,33.4,29.8,0
33,33.2,30.6,0
33,33.0,31.066666666666666,0
24,32.4,31.066666666666666,0
31,31.4,31.333333333333332,0
25,29.2,30.933333333333334,0
33,29.2,31.333333333333332,0
29,28.4,31.266666666666666,0
26,28.8,31.066666666666666,0
29,28.4,31.0,0
22,27.8,30.133333333333333,1
23,25.8,29.4,0
21,24.2,28.533333333333335,0
32,25.4,28.866666666666667,0
25,24.6,28.133333333333333,0
16,23.4,26.8,0
26,24.0,26.333333333333332,1
26,26.0,26.0,0
31,28.5,28.5,0
25,27.333333333333332,27.333333333333332,0
31,28.25,28.25,0
31,28.8,28.8,0
28,29.2,28.666666666666668,0
32,29.4,29.142857142857142,0
35,31.4,29.875,0
35,32.2,30.444444444444443,0
30,32.0,30.4,0
21,30.6,29.545454545454547,0
26,29.4,29.25,0
32,28.8,29.46153846153846,0
37,29.2,30.0,0
31,29.4,30.066666666666666,0
28,30.8,30.2,0
21,29.8,29.533333333333335,0
32,29.8,30.0,0
32,28.8,30.066666666666666,0
25,27.6,29.666666666666668,0
32,28.4,29.933333333333334,0
25,29.2,29.466666666666665,0
35,29.8,29.466666666666665,0
33,30.0,29.333333333333332,0
29,30.8,29.266666666666666,0
33,31.0,30.066666666666666,0
24,30.8,29.933333333333334,0
25,28.8,29.466666666666665,0
25,27.2,28.666666666666668,0
27,26.8,28.4,0
31,26.4,28.6,0
25,26.6,28.866666666666667,0
31,27.8,28.8,0
22,27.2,28.133333333333333,0
28,27.4,28.333333333333332,0
32,27.6,28.333333333333332,0
29,28.4,28.6,0
25,27.2,27.933333333333334,0
32,29.2,27.866666666666667,0
16,26.8,27.0,0
36,27.6,27.2,0
22,26.2,27.066666666666666,0
32,27.6,27.533333333333335,0
34,28.0,28.133333333333333,0
29,30.6,28.266666666666666,0
31,29.6,28.266666666666666,0
29,31.0,28.533333333333335,0
31,30.8,28.533333333333335,0
20,28.0,28.4,0
33,28.8,28.733333333333334,0
32,29.0,28.733333333333334,0
27,28.6,28.6,0
27,27.8,28.733333333333334,0
28,29.4,28.466666666666665,0
25,27.8,29.066666666666666,0
20,25.4,28.0,0
31,26.2,28.6,0
25,25.8,28.133333333333333,0
24,25.0,27.466666666666665,0
26,25.2,27.266666666666666,0
30,27.2,27.2,0
25,26.0,26.933333333333334,0
32,27.4,27.0,0
30,28.6,27.666666666666668,0
34,30.2,27.733333333333334,0
25,29.2,27.266666666666666,0
32,30.6,27.6,0
32,30.6,27.933333333333334,0
30,30.6,28.066666666666666,0
22,28.2,27.866666666666667,0
26,28.4,28.266666666666666,0
29,27.8,28.133333333333333,0
30,27.4,28.466666666666665,0
19,25.2,28.133333333333333,0
31,27.0,28.466666666666665,0
32,28.2,28.6,0
16,25.6,28.0,0
31,25.8,27.933333333333334,0
29,27.8,27.866666666666667,0
16,24.8,26.666666666666668,0
33,25.0,27.2,0
1,22.0,25.133333333333333,0
28,21.4,24.866666666666667,0
30,21.6,24.866666666666667,0
26,23.6,25.133333333333333,0
25,22.0,25.066666666666666,0
25,26.8,24.8,0
30,27.2,24.8,0
26,26.4,25.266666666666666,0
25,26.2,24.866666666666667,0
21,25.4,24.133333333333333,0
27,25.8,24.866666666666667,0
21,24.0,24.2,0
26,24.0,24.0,0
25,24.0,24.6,0
28,25.4,24.266666666666666,0
28,25.6,26.066666666666666,0
23,26.0,25.733333333333334,0
28,26.4,25.6,0
30,27.4,25.866666666666667,0
20,25.8,25.533333333333335,0
26,25.4,25.6,0
23,25.4,25.133333333333333,0
18,23.4,24.6,0
28,23.0,24.8,0
27,24.4,25.2,0
30,25.2,25.4,0
34,27.4,26.266666666666666,0
30,29.8,26.533333333333335,0
28,29.8,26.733333333333334,0
32,30.8,27.0,0
26,30.0,26.866666666666667,0
33,29.8,27.533333333333335,0
29,29.6,27.6,0
35,31.0,27.933333333333334,0
34,31.4,28.866666666666667,0
25,31.2,28.8,0
33,31.2,29.466666666666665,0
24,30.2,29.866666666666667,0
23,27.8,29.533333333333335,0
30,27.0,29.733333333333334,0
23,26.6,29.266666666666666,0
33,26.6,29.2,0
35,28.8,29.533333333333335,0
27,29.6,29.466666666666665,0
24,28.4,28.933333333333334,0
32,30.2,29.333333333333332,0
29,29.4,29.066666666666666,0
29,28.2,29.066666666666666,0
32,29.2,28.866666666666667,0
31,30.6,28.666666666666668,0
32,30.6,29.133333333333333,0
21,29.0,28.333333333333332,0
18,26.8,27.933333333333334,0
19,24.2,27.666666666666668,0
24,22.8,27.266666666666666,0
25,21.4,27.4,0
29,23.0,27.133333333333333,0
13,13.0,13.0,0
13,13.0,13.0,0
16,14.0,14.0,0
22,16.0,16.0,0
35,19.8,19.8,0
32,23.6,21.833333333333332,0
29,26.8,22.857142857142858,0
34,30.4,24.25,0
35,33.0,25.444444444444443,0
35,33.0,26.4,0
18,30.2,25.636363636363637,0
20,28.4,25.166666666666668,0
12,24.0,24.153846153846153,0
20,21.0,23.857142857142858,0
20,18.0,23.6,0
23,19.0,24.266666666666666,0
12,17.4,24.2,0
16,18.2,24.2,0
15,17.2,23.733333333333334,0
23,17.8,22.933333333333334,0
17,16.6,21.933333333333334,0
18,17.8,21.2,0
32,21.0,21.066666666666666,0
18,21.6,19.933333333333334,0
15,20.0,18.6,0
34,23.4,19.666666666666668,0
22,24.2,19.8,0
29,23.6,20.933333333333334,0
23,24.6,21.133333333333333,0
32,28.0,21.933333333333334,0
34,28.0,22.666666666666668,0
30,29.6,23.866666666666667,0
30,29.8,24.8,0
20,29.2,25.133333333333333,0
20,26.8,24.933333333333334,0
23,24.6,25.333333333333332,0
24,23.4,25.733333333333334,0
26,22.6,25.333333333333332,0
23,23.2,25.666666666666668,0
23,23.8,26.2,0
32,25.6,26.066666666666666,0
25,25.8,26.266666666666666,0
25,25.6,26.0,0
28,26.6,26.333333333333332,0
28,27.6,26.066666666666666,0
26,26.4,25.533333333333335,0
18,25.0,24.733333333333334,0
28,25.6,24.6,0
28,25.6,25.133333333333333,0
27,25.4,25.6,0
30,26.2,26.066666666666666,0
27,28.0,26.266666666666666,0
28,28.0,26.4,0
23,27.0,26.4,0
23,26.2,26.4,0
34,27.0,26.533333333333335,0
3,22.2,25.066666666666666,0
22,21.0,24.866666666666667,0
14,19.2,23.933333333333334,0
16,17.8,23.133333333333333,0
18,14.6,22.6,0
31,20.2,23.466666666666665,0
23,20.4,23.133333333333333,0
17,21.0,22.4,0
23,22.4,22.133333333333333,0
22,23.2,21.6,0
21,21.2,21.2,0
25,21.6,21.0,0
23,22.8,21.0,0
19,22.0,20.733333333333334,0
20,21.6,19.8,0
17,20.8,20.733333333333334,0
32,22.2,21.4,0
27,23.0,22.266666666666666,0
31,25.4,23.266666666666666,0
28,27.0,23.933333333333334,0
25,28.6,23.533333333333335,0
22,26.6,23.466666666666665,0
30,27.2,24.333333333333332,0
31,27.2,24.866666666666667,0
23,26.2,24.933333333333334,0
18,24.8,24.733333333333334,0
30,26.4,25.066666666666666,0
22,24.8,25.0,0
16,21.8,24.8,0
25,22.2,25.133333333333333,0
25,23.6,25.666666666666668,0
14,20.4,24.466666666666665,0
21,20.2,24.066666666666666,0
20,21.0,23.333333333333332,0
23,20.6,23.0,1
13,18.2,22.2,0
20,19.4,22.066666666666666,0
23,19.8,21.6,0
18,19.4,20.733333333333334,0
30,20.8,21.2,0
17,21.6,21.133333333333333,0
25,22.6,20.8,0
18,21.6,20.533333333333335,0
19,21.8,20.733333333333334,0
21,20.0,20.466666666666665,0
20,20.6,20.133333333333333,0
25,20.6,20.866666666666667,0
22,21.4,20.933333333333334,0
13,20.2,20.466666666666665,0
17,19.4,20.066666666666666,0
17,18.8,20.333333333333332,0
12,16.2,19.8,0
11,14.0,19.0,0
7,12.8,18.266666666666666,0
8,11.0,16.8,0
15,10.6,16.666666666666668,0
13,10.8,15.866666666666667,0
15,11.6,15.666666666666666,0
27,15.6,16.2,0
13,16.6,15.666666666666666,0
16,16.8,15.4,0
9,16.0,14.333333333333334,0
5,14.0,13.2,0
17,12.0,13.466666666666667,0
12,11.8,13.133333333333333,0
32,15.0,14.133333333333333,0
12,15.6,14.133333333333333,0
15,15.0,15.0,0
19,17.0,17.0,0
4,12.666666666666666,12.666666666666666,0
20,14.5,14.5,0
15,14.6,14.6,0
24,16.4,16.166666666666668,0
16,15.8,16.142857142857142,0
20,19.0,16.625,0
14,17.8,16.333333333333332,0
20,18.8,16.7,0
19,17.8,16.90909090909091,0
13,17.2,16.583333333333332,0
15,16.2,16.46153846153846,0
5,14.4,15.642857142857142,0
13,13.0,15.466666666666667,0
14,12.0,15.4,0
17,12.8,15.266666666666667,0
7,11.2,15.466666666666667,0
19,14.0,15.4,0
14,14.2,15.333333333333334,0
12,13.8,14.533333333333333,0
8,12.0,14.0,0
4,11.4,12.933333333333334,0
20,11.6,13.333333333333334,0
17,12.2,13.133333333333333,0
15,12.8,12.866666666666667,0
8,12.8,12.533333333333333,0
22,16.4,13.0,0
16,15.6,13.733333333333333,0
27,17.6,14.666666666666666,0
9,16.4,14.333333333333334,0
26,20.0,14.933333333333334,0
18,19.2,15.666666666666666,0
11,18.2,15.133333333333333,0
15,15.8,15.2,0
12,16.4,15.2,0
10,13.2,15.333333333333334,0
27,15.0,16.866666666666667,0
11,15.0,16.266666666666666,0
9,13.8,15.733333333333333,0
28,17.0,16.6,0
2,15.4,16.2,0
6,11.2,15.133333333333333,0
6,10.2,14.466666666666667,0
25,13.4,14.333333333333334,0
26,13.0,15.466666666666667,0
9,14.4,14.333333333333334,0
0,13.2,13.133333333333333,0
30,18.0,14.4,0
17,16.4,14.533333333333333,0
20,15.2,15.066666666666666,0
18,17.0,15.6,0
20,21.0,15.133333333333333,0
24,19.8,16.0,0
24,21.2,17.0,0
20,21.2,16.466666666666665,0
32,24.0,18.466666666666665,0
25,25.0,19.733333333333334,0
22,24.6,20.8,0
23,24.4,20.666666666666668,0
28,26.0,20.8,0
25,24.6,21.866666666666667,0
12,22.0,22.666666666666668,0
12,20.0,21.466666666666665,0
20,19.4,21.666666666666668,0
24,18.6,21.933333333333334,0
25,18.6,22.4,0
17,19.6,22.2,0
12,19.6,21.4,0
15,18.6,20.8,0
32,20.2,21.6,0
26,20.4,21.2,0
21,21.2,20.933333333333334,0
17,22.2,20.6,0
26,24.4,20.8,0
19,21.8,20.2,0
17,20.0,19.666666666666668,0
15,18.8,19.866666666666667,0
25,20.4,20.733333333333334,0
22,19.6,20.866666666666667,0
20,19.8,20.6,0
27,21.8,20.733333333333334,0
26,24.0,21.333333333333332,0
18,22.6,21.733333333333334,0
18,21.8,21.933333333333334,1
14,20.6,20.733333333333334,0
15,18.2,20.0,0
15,16.0,19.6,0
18,16.0,19.666666666666668,0
15,15.4,18.933333333333334,0
12,15.0,18.466666666666665,0
25,17.0,19.0,0
22,18.4,19.466666666666665,0
18,18.4,19.0,0
16,18.6,18.6,0
30,22.2,19.266666666666666,0
16,20.4,18.533333333333335,0
18,19.6,18.0,0
26,21.2,18.533333333333335,0
14,20.8,18.266666666666666,0
17,18.2,18.466666666666665,0
16,18.2,18.533333333333335,0
24,19.4,19.133333333333333,0
10,10.0,10.0,0
10,10.0,10.0,0
4,8.0,8.0,0
6,7.5,7.5,0
4,6.8,6.8,0
9,6.6,7.166666666666667,0
2,5.0,6.428571428571429,0
4,5.0,6.125,0
6,5.0,6.111111111111111,0
3,4.8,5.8,0
8,4.6,6.0,0
4,5.0,5.833333333333333,0
2,4.6,5.538461538461538,0
24,8.2,6.857142857142857,0
16,10.8,7.466666666666667,0
25,14.2,8.466666666666667,0
5,14.4,8.133333333333333,0
11,16.2,8.6,0
16,14.6,9.266666666666667,0
2,11.8,9.133333333333333,0
15,9.8,9.533333333333333,0
22,13.2,10.866666666666667,0
4,11.8,10.866666666666667,0
3,9.2,10.666666666666666,0
2,9.2,10.6,0
1,6.4,10.133333333333333,0
13,4.6,10.733333333333333,0
3,4.4,10.8,0
2,4.2,9.333333333333334,0
1,4.0,8.333333333333334,0
31,10.0,8.733333333333333,0
15,10.4,9.4,0
15,12.8,9.666666666666666,0
10,14.4,9.266666666666667,0
19,18.0,10.4,0
16,15.0,10.466666666666667,0
15,15.0,10.0,0
14,14.8,10.666666666666666,0
13,15.4,11.333333333333334,0
12,14.0,12.0,0
17,14.2,13.066666666666666,0
16,14.4,13.266666666666667,0
12,14.0,13.866666666666667,0
17,14.8,14.866666666666667,0
31,18.6,16.866666666666667,0
29,21.0,16.733333333333334,0
26,23.0,17.466666666666665,0
26,25.8,18.2,0
19,26.2,18.8,0
33,26.6,19.733333333333334,0
32,27.2,20.8,0
19,25.8,21.066666666666666,0
22,25.0,21.6,1
21,25.4,22.133333333333333,0
22,23.2,22.8,0
22,21.2,23.133333333333333,0
22,21.8,23.533333333333335,0
20,21.4,24.066666666666666,0
17,20.6,24.066666666666666,0
14,19.0,22.933333333333334,0
17,18.0,22.133333333333333,0
16,16.8,21.466666666666665,0
16,16.0,20.8,0
27,18.0,21.333333333333332,0
19,19.0,20.4,0
20,19.6,19.6,0
17,19.8,19.466666666666665,0
19,20.4,19.266666666666666,0
16,18.2,18.933333333333334,0
24,19.2,19.066666666666666,0
24,20.0,19.2,0
20,20.6,19.066666666666666,0
24,21.6,19.333333333333332,0
26,23.6,19.933333333333334,0
20,22.8,20.333333333333332,0
29,23.8,21.133333333333333,1
20,23.8,21.4,0
21,23.2,21.733333333333334,0
19,21.8,21.2,0
27,23.2,21.733333333333334,0
16,20.6,21.466666666666665,0
19,20.4,21.6,0
16,19.4,21.4,0
25,20.6,22.0,0
14,18.0,21.333333333333332,0
17,18.2,20.866666666666667,0
27,19.8,21.333333333333332,0
21,20.8,21.133333333333333,0
26,21.0,21.133333333333333,0
26,23.4,21.533333333333335,0
28,28.0,28.0,0
18,23.0,23.0,0
16,20.666666666666668,20.666666666666668,0
24,21.5,21.5,0
24,22.0,22.0,0
24,21.2,22.333333333333332,0
21,21.8,22.142857142857142,0
22,23.0,22.125,0
27,23.6,22.666666666666668,0
26,24.0,23.0,0
27,24.6,23.363636363636363,0
32,26.8,24.083333333333332,0
21,26.6,23.846153846153847,0
20,25.2,23.571428571428573,0
26,25.2,23.733333333333334,0
27,25.2,23.666666666666668,0
30,24.8,24.466666666666665,0
20,24.6,24.733333333333334,0
28,26.2,25.0,0
26,26.2,25.133333333333333,0
22,25.2,25.0,0
18,22.8,24.8,0
24,23.6,24.933333333333334,0
19,21.8,24.4,0
24,21.4,24.266666666666666,0
22,21.4,23.933333333333334,0
19,21.6,23.066666666666666,0
29,22.6,23.6,0
15,21.8,23.266666666666666,0
29,22.8,23.466666666666665,0
16,21.6,22.733333333333334,0
19,21.6,22.0,0
17,19.2,21.8,0
28,21.8,21.8,0
15,19.0,21.066666666666666,0
18,19.4,20.8,0
22,20.0,21.066666666666666,0
26,21.8,21.2,0
23,20.8,21.466666666666665,0
20,21.8,21.2,0
27,23.6,21.533333333333335,0
16,22.4,21.333333333333332,0
22,21.6,20.866666666666667,0
32,23.4,22.0,0
21,23.6,21.466666666666665,0
22,22.6,21.866666666666667,0
35,26.4,22.933333333333334,0
32,28.4,23.933333333333334,0
41,30.2,24.8,0
23,30.6,25.333333333333332,0
26,31.4,25.866666666666667,0
32,30.8,26.533333333333335,0
38,32.0,27.333333333333332,0
26,29.0,27.533333333333335,0
33,31.0,28.4,0
30,31.8,28.6,0
43,34.0,30.4,0
34,33.2,31.2,0
35,35.0,31.4,0
35,35.4,32.333333333333336,0
35,36.4,33.2,0
26,33.0,32.6,0
27,31.6,32.266666666666666,0
30,30.6,31.533333333333335,0
23,28.2,31.533333333333335,0
24,26.0,31.4,0
16,24.0,30.333333333333332,0
18,22.2,29.0,0
21,20.4,28.666666666666668,0
27,21.2,28.266666666666666,0
21,20.6,27.666666666666668,0
23,22.0,26.333333333333332,0
24,23.2,25.666666666666668,0
21,23.2,24.733333333333334,0
27,23.2,24.2,0
45,28.0,24.866666666666667,0
28,29.0,25.0,0
27,29.6,25.0,0
16,28.6,24.066666666666666,0
25,28.2,24.2,0
22,23.6,24.066666666666666,0
33,24.6,25.2,0
28,24.8,25.866666666666667,0
31,27.8,26.533333333333335,0
30,28.8,26.733333333333334,0
30,30.4,27.333333333333332,0
32,30.2,27.933333333333334,0
32,31.0,28.466666666666665,0
34,31.6,29.333333333333332,0
32,32.0,29.666666666666668,0
30,32.0,28.666666666666668,1
22,30.0,28.266666666666666,0
30,29.6,28.466666666666665,0
35,29.8,29.733333333333334,0
37,30.8,30.533333333333335,0
34,31.6,31.333333333333332,0
36,34.4,31.533333333333335,0
39,36.2,32.266666666666666,0
32,35.6,32.333333333333336,0
35,35.2,32.666666666666664,0
44,37.2,33.6,0
35,37.0,33.8,0
31,35.4,33.733333333333334,0
34,35.8,33.733333333333334,0
32,35.2,33.733333333333334,0
31,32.6,33.8,0
34,32.4,34.6,0
34,33.0,34.86666666666667,0
33,32.8,34.733333333333334,0
29,32.2,34.2,0
34,32.8,34.2,0
32,32.4,33.93333333333333,0
30,31.6,33.333333333333336,0
40,33.0,33.86666666666667,0
31,33.4,33.6,0
34,33.4,32.93333333333333,0
36,34.2,33.0,0
34,35.0,33.2,0
34,33.8,33.2,0
33,34.2,33.266666666666666,0
34,34.2,33.46666666666667,0
33,33.6,33.4,0
29,32.6,33.06666666666667,0
29,31.6,32.8,0
39,32.8,33.46666666666667,0
33,32.6,33.4,0
33,32.6,33.46666666666667,0
34,33.6,33.733333333333334,0
31,34.0,33.13333333333333,0
35,33.2,33.4,0
35,33.6,33.46666666666667,0
31,33.2,33.13333333333333,0
34,33.2,33.13333333333333,0
38,34.6,33.4,0
35,34.6,33.53333333333333,0
40,35.6,33.93333333333333,0
33,36.0,33.93333333333333,0
37,36.6,34.46666666666667,0
35,36.0,34.86666666666667,0
25,34.0,33.93333333333333,0
28,31.6,33.6,0
32,31.4,33.53333333333333,0
36,31.2,33.666666666666664,0
37,31.6,34.06666666666667,0
36,33.8,34.13333333333333,0
34,35.0,34.06666666666667,0
37,36.0,34.46666666666667,0
30,34.8,34.2,0
27,32.8,33.46666666666667,0
27,31.0,32.93333333333333,0
26,29.4,32.0,0
40,30.0,32.46666666666667,0
38,31.6,32.53333333333333,0
36,33.4,32.6,0
35,35.0,33.266666666666666,0
33,36.4,33.6,0
34,35.2,33.733333333333334,0
39,35.4,33.93333333333333,0
39,36.0,34.06666666666667,0
34,34.0,34.0,0
34,34.0,34.0,0
37,35.0,35.0,0
37,35.5,35.5,0
33,35.0,35.0,0
40,36.2,35.833333333333336,0
41,37.6,36.57142857142857,0
32,36.6,36.0,0
36,36.4,36.0,0
41,38.0,36.5,0
36,37.2,36.45454545454545,0
39,36.8,36.666666666666664,0
40,38.4,36.92307692307692,0
30,37.2,36.42857142857143,0
35,36.0,36.333333333333336,0
36,36.0,36.46666666666667,0
38,35.8,36.733333333333334,0
40,35.8,36.93333333333333,0
40,37.8,37.13333333333333,0
31,37.0,37.0,0
32,36.2,36.46666666666667,0
40,36.6,36.4,0
39,36.4,36.86666666666667,0
41,36.6,37.2,0
39,38.2,37.06666666666667,0
37,39.2,37.13333333333333,0
30,37.2,36.53333333333333,0
37,36.8,36.333333333333336,0
34,35.4,36.6,0
36,34.8,36.666666666666664,0
28,33.0,36.13333333333333,0
42,35.4,36.4,0
34,34.8,36.0,0
41,36.2,36.06666666666667,0
43,37.6,36.86666666666667,0
32,38.4,36.86666666666667,0
35,37.0,36.53333333333333,0
38,37.8,36.46666666666667,0
36,36.8,36.13333333333333,0
31,34.4,35.6,0
39,35.8,35.733333333333334,0
45,37.8,36.733333333333334,0
38,37.8,36.8,0
41,38.8,37.266666666666666,0
37,40.0,37.333333333333336,0
35,39.2,37.8,0
34,37.0,37.266666666666666,0
39,37.2,37.6,0
17,32.4,36.0,0
27,30.4,34.93333333333333,0
35,30.4,35.13333333333333,0
42,32.0,35.6,0
38,31.8,35.6,0
43,37.0,36.06666666666667,0
42,40.0,36.8,0
44,41.8,37.13333333333333,0
37,40.8,36.6,0
37,40.6,36.53333333333333,0
43,40.6,36.666666666666664,0
38,39.8,36.733333333333334,0
32,37.4,36.53333333333333,0
37,37.4,36.733333333333334,0
38,37.6,36.666666666666664,0
31,35.2,37.6,0
38,35.2,38.333333333333336,0
37,36.2,38.46666666666667,0
36,36.0,38.06666666666667,0
37,35.8,38.0,0
33,36.2,37.333333333333336,0
34,35.4,36.8,0
35,35.0,36.2,0
36,35.0,36.13333333333333,0
41,35.8,36.4,0
35,36.2,35.86666666666667,0
38,37.0,35.86666666666667,0
29,35.8,35.666666666666664,0
37,36.0,35.666666666666664,0
34,34.6,35.4,0
36,34.8,35.733333333333334,0
35,34.2,35.53333333333333,0
32,34.8,35.2,0
32,33.8,34.93333333333333,0
27,32.4,34.266666666666666,0
36,32.4,34.46666666666667,0
34,32.2,34.46666666666667,0
5,26.8,32.46666666666667,0
23,25.0,31.6,0
28,25.2,30.733333333333334,0
36,25.2,30.8,0
40,26.4,30.933333333333334,0
34,32.2,31.266666666666666,0
32,34.0,30.933333333333334,0
34,35.2,30.933333333333334,0
33,34.6,30.733333333333334,0
38,34.2,30.933333333333334,0
37,34.8,31.266666666666666,0
34,35.2,31.4,0
35,35.4,31.933333333333334,0
37,36.2,32.0,0
29,34.4,31.666666666666668,0
32,33.4,33.46666666666667,0
38,34.2,34.46666666666667,0
34,34.0,34.86666666666667,0
27,32.0,34.266666666666666,0
37,33.6,34.06666666666667,0
39,35.0,34.4,0
31,33.6,34.333333333333336,0
30,32.8,34.06666666666667,0
36,34.6,34.266666666666666,0
32,33.6,33.86666666666667,0
34,32.6,33.666666666666664,0
31,32.6,33.46666666666667,0
34,33.4,33.4,0
27,31.6,32.733333333333334,0
48,34.8,34.0,0
32,34.4,34.0,0
40,36.2,34.13333333333333,0
34,36.2,34.13333333333333,0
34,37.6,34.6,0
28,33.6,34.0,0
35,34.2,33.733333333333334,0
27,31.6,33.46666666666667,0
38,32.4,34.0,0
32,32.0,33.733333333333334,0
38,34.0,34.13333333333333,0
37,34.4,34.333333333333336,0
31,35.2,34.333333333333336,0
34,34.4,34.333333333333336,0
29,33.8,34.46666666666667,0
29,32.0,33.2,0
35,31.6,33.4,0
29,31.2,32.666666666666664,0
40,32.4,33.06666666666667,0
39,34.4,33.4,0
33,35.2,33.733333333333334,0
38,35.8,33.93333333333333,0
40,38.0,34.8,0
31,36.2,34.333333333333336,0
37,35.8,34.666666666666664,0
36,36.4,34.53333333333333,0
25,25.0,25.0,0
26,25.5,25.5,0
31,27.333333333333332,27.333333333333332,0
29,27.75,27.75,0
29,28.0,28.0,0
34,29.8,29.0,0
36,31.8,30.0,0
33,32.2,30.375,0
32,32.8,30.555555555555557,0
36,34.2,31.1,0
33,34.0,31.272727272727273,0
35,33.8,31.583333333333332,0
36,34.4,31.923076923076923,0
39,35.8,32.42857142857143,0
33,35.2,32.46666666666667,0
27,34.0,32.6,0
27,32.4,32.666666666666664,0
24,30.0,32.2,0
28,27.8,32.13333333333333,0
32,27.6,32.333333333333336,0
38,29.8,32.6,0
36,31.6,32.6,0
22,31.2,31.866666666666667,0
20,29.6,31.066666666666666,0
32,29.6,30.8,0
30,28.0,30.6,0
31,27.0,30.333333333333332,0
36,29.8,30.333333333333332,0
32,32.2,29.866666666666667,0
20,29.8,29.0,0
25,28.8,28.866666666666667,0
18,26.2,28.266666666666666,0
25,24.0,28.333333333333332,0
37,25.0,28.933333333333334,0
33,27.6,29.0,0
24,27.4,28.066666666666666,0
9,25.6,26.266666666666666,0
25,25.6,26.466666666666665,0
12,20.6,25.933333333333334,0
12,16.4,24.6,0
24,16.4,24.2,0
22,19.0,23.6,0
20,18.0,22.533333333333335,0
23,20.2,21.933333333333334,0
22,22.2,22.066666666666666,0
30,23.4,22.4,0
32,25.4,23.333333333333332,0
27,26.8,23.466666666666665,0
25,27.2,22.666666666666668,0
18,26.4,21.666666666666668,0
19,24.2,21.333333333333332,0
24,22.6,22.333333333333332,0
31,23.4,22.733333333333334,0
1,18.6,22.0,0
25,20.0,22.866666666666667,0
26,21.4,23.0,0
30,22.6,23.533333333333335,0
30,22.4,24.2,0
22,26.6,24.133333333333333,0
25,26.6,24.333333333333332,0
21,25.6,23.733333333333334,0
30,25.6,23.6,0
36,26.8,24.2,0
38,30.0,25.066666666666666,0
20,29.0,25.2,0
12,27.2,24.733333333333334,0
22,25.6,24.6,0
12,20.8,23.333333333333332,0
7,14.6,23.733333333333334,0
17,14.0,23.2,0
16,14.8,22.533333333333335,0
5,11.4,20.866666666666667,0
15,12.0,19.866666666666667,0
16,13.8,19.466666666666665,0
14,13.2,18.733333333333334,0
11,12.2,18.066666666666666,0
5,12.2,16.4,0
16,12.4,15.066666666666666,0
17,12.6,13.666666666666666,0
12,12.2,13.133333333333333,0
22,14.4,13.8,0
26,18.6,14.066666666666666,0
22,19.8,14.733333333333333,0
20,20.4,15.6,0
27,23.4,16.266666666666666,0
21,23.2,16.6,0
21,22.2,17.666666666666668,0
26,23.0,18.4,0
20,23.0,18.666666666666668,0
20,21.6,19.066666666666666,0
11,19.6,19.066666666666666,0
4,16.2,19.0,0
6,12.2,18.333333333333332,0
12,10.6,18.0,0
15,9.6,18.2,0
2,7.8,16.866666666666667,0
24,11.8,16.733333333333334,0
36,17.8,17.666666666666668,0
25,20.4,18.0,0
12,19.8,17.0,0
20,23.4,16.933333333333334,0
22,23.0,17.0,0
15,18.8,16.266666666666666,0
2,14.2,15.066666666666666,0
3,12.4,13.933333333333334,0
2,8.8,13.333333333333334,0
16,7.6,14.133333333333333,0
28,10.2,15.6,0
11,12.0,15.533333333333333,0
14,14.2,15.466666666666667,0
17,17.2,16.466666666666665,0
16,17.2,15.933333333333334,0
8,13.2,14.066666666666666,0
3,11.6,12.6,0
10,10.8,12.466666666666667,0
21,11.6,12.533333333333333,0
22,12.8,12.533333333333333,0
25,16.2,13.2,0
20,19.6,14.4,0
24,22.4,15.8,0
9,20.0,16.266666666666666,0
6,16.8,15.6,0
21,16.0,15.133333333333333,0
25,17.0,16.066666666666666,0
9,14.0,15.733333333333333,0
18,15.8,15.8,0
12,12.0,12.0,0
28,20.0,20.0,0
16,18.666666666666668,18.666666666666668,0
19,18.75,18.75,0
18,18.6,18.6,0
28,21.8,20.166666666666668,0
12,18.6,19.0,0
22,19.8,19.375,0
20,20.0,19.444444444444443,0
21,20.6,19.6,0
19,18.8,19.545454545454547,0
19,20.2,19.5,0
13,18.4,19.0,0
8,16.0,18.214285714285715,0
27,17.2,18.8,0
22,17.8,19.466666666666665,0
15,17.0,18.6,0
6,15.6,17.933333333333334,0
15,17.0,17.666666666666668,0
10,13.6,17.133333333333333,0
30,15.2,17.266666666666666,0
36,19.4,18.866666666666667,0
17,21.6,18.533333333333335,0
18,22.2,18.4,0
18,23.8,18.2,0
20,21.8,18.266666666666666,0
26,19.8,18.733333333333334,0
29,22.2,19.8,0
34,25.4,21.533333333333335,0
36,29.0,22.133333333333333,0
33,31.6,22.866666666666667,0
33,33.0,24.066666666666666,0
42,35.6,26.466666666666665,0
46,38.0,28.533333333333335,0
28,36.4,29.733333333333334,0
15,32.8,28.733333333333334,0
31,32.4,28.4,0
4,24.8,27.533333333333335,0
30,21.6,28.333333333333332,0
16,19.2,28.2,0
5,17.2,27.2,0
9,12.8,26.066666666666666,0
10,14.0,24.8,0
10,10.0,23.2,0
7,8.2,21.266666666666666,0
17,10.6,20.2,0
12,11.2,18.8,0
20,13.2,17.333333333333332,0
8,12.8,14.8,0
6,12.6,13.333333333333334,0
11,11.4,13.066666666666666,0
27,14.4,12.8,0
21,14.6,13.933333333333334,0
25,18.0,13.6,0
40,24.8,15.2,0
15,25.6,15.866666666666667,0
33,26.8,17.466666666666665,0
9,24.4,17.4,0
17,22.8,17.866666666666667,0
29,20.6,19.333333333333332,0
18,21.2,19.4,0
20,18.6,19.933333333333334,0
20,20.8,19.933333333333334,0
5,18.4,19.733333333333334,0
26,17.8,21.066666666666666,0
24,19.0,21.933333333333334,0
24,19.8,21.733333333333334,0
34,22.6,22.6,0
25,26.6,22.6,0
19,25.2,21.2,0
24,25.2,21.8,0
19,24.2,20.866666666666667,0
16,20.6,21.333333333333332,0
21,19.8,21.6,0
10,18.0,20.333333333333332,0
27,18.6,20.933333333333334,0
14,17.6,20.533333333333335,0
10,16.4,19.866666666666667,0
18,15.8,20.733333333333334,0
27,19.2,20.8,0
25,18.8,20.866666666666667,0
20,20.0,20.6,0
17,21.4,19.466666666666665,0
22,22.2,19.266666666666666,0
19,20.6,19.266666666666666,0
15,18.6,18.666666666666668,0
22,19.0,18.866666666666667,0
5,16.6,18.133333333333333,0
39,20.0,19.333333333333332,0
30,22.2,20.666666666666668,0
39,27.0,21.466666666666665,0
28,28.2,22.4,0
18,30.8,22.933333333333334,0
22,27.4,23.2,1
21,25.6,22.8,0
20,21.8,22.466666666666665,0
17,19.6,22.266666666666666,0
24,20.8,22.733333333333334,0
34,23.2,23.533333333333335,0
13,21.6,23.133333333333333,0
9,19.4,22.733333333333334,0
8,17.6,21.8,0
16,16.0,22.533333333333335,0
20,13.2,21.266666666666666,0
16,13.8,20.333333333333332,0
34,18.8,20.0,0
21,21.4,19.533333333333335,0
33,24.8,20.533333333333335,0
30,26.8,21.066666666666666,0
33,30.2,21.866666666666667,0
27,28.8,22.333333333333332,0
39,32.4,23.8,0
41,34.0,24.933333333333334,0
39,35.8,25.266666666666666,0
20,33.2,25.733333333333334,0
30,33.8,27.133333333333333,0
37,33.4,29.066666666666666,0
33,31.8,30.2,0
30,30.0,30.866666666666667,0
34,32.8,32.06666666666667,0
28,32.4,31.666666666666668,0
34,31.8,32.53333333333333,0
20,29.2,31.666666666666668,0
34,30.0,31.933333333333334,0
38,30.8,32.266666666666666,0
25,30.2,32.13333333333333,0
20,27.4,30.866666666666667,0
34,30.2,30.4,0
31,31.0,31.0,0
22,26.5,26.5,0
28,27.0,27.0,0
35,29.0,29.0,0
22,27.6,27.6,0
33,28.0,28.5,0
35,30.6,29.428571428571427,0
31,31.2,29.625,0
31,30.4,29.77777777777778,0
32,32.4,30.0,0
30,31.8,30.0,0
29,30.6,29.916666666666668,0
16,27.6,28.846153846153847,0
20,25.4,28.214285714285715,0
33,25.6,28.533333333333335,0
27,25.0,28.266666666666666,0
24,24.0,28.4,0
22,25.2,28.0,0
23,25.8,27.2,0
27,24.6,27.533333333333335,0
25,24.2,27.0,0
29,25.2,26.6,0
29,26.6,26.466666666666665,0
17,25.4,25.533333333333335,0
20,24.0,24.733333333333334,0
26,24.2,24.466666666666665,0
19,22.2,23.8,0
25,21.4,24.4,0
21,22.2,24.466666666666665,0
31,24.4,24.333333333333332,0
3,19.8,22.733333333333334,0
23,20.6,22.666666666666668,0
16,18.8,22.266666666666666,0
18,18.2,21.933333333333334,0
27,17.4,21.933333333333334,0
30,22.8,22.266666666666666,0
15,21.2,21.333333333333332,0
19,21.8,20.666666666666668,0
22,22.6,21.0,0
26,22.4,21.4,0
26,21.6,21.4,0
21,22.8,21.533333333333335,0
18,22.6,21.066666666666666,0
25,23.2,21.333333333333332,0
23,22.6,20.8,0
24,22.2,22.2,0
25,23.0,22.333333333333332,0
31,25.6,23.333333333333332,0
29,26.4,24.066666666666666,0
32,28.2,24.4,0
21,27.6,23.8,0
37,30.0,25.266666666666666,0
21,28.0,25.4,0
27,27.6,25.733333333333334,0
32,27.6,26.133333333333333,0
23,28.0,25.933333333333334,0
26,25.8,26.266666666666666,0
26,26.8,26.8,0
35,28.4,27.466666666666665,0
30,28.0,27.933333333333334,0
30,29.4,28.333333333333332,0
24,29.0,28.266666666666666,0
25,28.8,27.866666666666667,0
30,27.8,27.933333333333334,0
25,26.8,27.466666666666665,0
24,25.6,27.666666666666668,0
20,24.8,26.533333333333335,1
21,24.0,26.533333333333335,0
22,22.4,26.2,0
31,23.6,26.133333333333333,0
26,24.0,26.333333333333332,0
28,25.6,26.466666666666665,0
23,26.0,26.266666666666666,0
26,26.8,25.666666666666668,0
28,26.2,25.533333333333335,0
30,27.0,25.533333333333335,0
30,27.4,25.933333333333334,0
24,27.6,25.866666666666667,0
25,27.4,25.533333333333335,0
26,27.0,25.6,0
28,26.6,25.866666666666667,0
35,27.6,26.866666666666667,0
33,29.4,27.666666666666668,0
24,29.2,27.8,0
22,28.4,27.2,0
22,27.2,26.933333333333334,0
24,25.0,26.666666666666668,0
25,23.4,26.8,0
28,24.2,26.933333333333334,0
36,27.0,27.466666666666665,0
31,28.8,27.533333333333335,0
34,30.8,27.8,0
36,33.0,28.6,0
25,32.4,28.6,0
34,32.0,29.133333333333333,0
30,31.8,29.266666666666666,0
35,32.0,29.266666666666666,0
36,32.0,29.466666666666665,0
30,33.0,29.866666666666667,0
31,32.4,30.466666666666665,0
24,31.2,30.6,1
22,28.6,30.466666666666665,0
29,27.2,30.733333333333334,0
33,27.8,31.066666666666666,0
30,27.6,30.666666666666668,0
25,27.8,30.266666666666666,0
27,28.8,29.8,0
24,27.8,29.0,0
14,14.0,14.0,0
10,12.0,12.0,0
14,12.666666666666666,12.666666666666666,0
16,13.5,13.5,0
15,13.8,13.8,0
7,12.4,12.666666666666666,0
5,11.4,11.571428571428571,0
15,11.6,12.0,0
7,9.8,11.444444444444445,0
4,7.6,10.7,0
11,8.4,10.727272727272727,0
18,11.0,11.333333333333334,0
10,10.0,11.23076923076923,0
6,9.8,10.857142857142858,0
10,11.0,10.8,0
12,11.2,10.666666666666666,0
11,9.8,10.733333333333333,0
3,8.4,10.0,0
12,9.6,9.733333333333333,0
7,9.0,9.2,0
7,8.0,9.2,0
17,9.2,10.0,0
11,10.8,9.733333333333333,0
12,10.8,10.066666666666666,0
13,12.0,10.666666666666666,0
7,12.0,10.4,0
14,11.4,10.133333333333333,0
17,12.6,10.6,0
19,14.0,11.466666666666667,0
15,14.4,11.8,0
14,15.8,11.933333333333334,0
23,17.6,12.733333333333333,0
25,19.2,14.2,0
26,20.6,15.133333333333333,0
13,20.2,15.533333333333333,0
22,21.8,16.533333333333335,0
10,19.2,16.066666666666666,0
6,15.4,15.733333333333333,0
5,11.2,15.266666666666667,0
0,8.6,14.4,0
19,8.0,15.2,0
8,7.6,14.8,0
15,9.4,14.666666666666666,0
19,12.2,14.666666666666666,0
18,15.8,14.866666666666667,0
23,16.6,15.466666666666667,0
11,17.2,14.666666666666666,0
22,18.6,14.466666666666667,0
0,14.8,12.733333333333333,0
23,15.8,13.4,0
20,15.2,13.266666666666667,0
22,17.4,14.066666666666666,0
25,18.0,15.333333333333334,0
12,20.4,15.8,0
16,19.0,16.866666666666667,0
23,19.6,17.133333333333333,0
17,18.6,17.733333333333334,0
17,17.0,17.866666666666667,0
37,22.0,19.066666666666666,0
25,23.8,19.533333333333335,0
16,22.4,19.066666666666666,0
20,23.0,19.666666666666668,0
14,22.4,19.133333333333333,0
23,19.6,20.666666666666668,0
20,18.6,20.466666666666665,0
22,19.8,20.6,0
17,19.2,20.266666666666666,0
18,20.0,19.8,0
27,20.8,20.8,0
28,22.4,21.6,0
23,22.6,21.6,0
16,22.4,21.533333333333335,0
17,22.2,21.533333333333335,0
18,20.4,20.266666666666666,0
30,20.8,20.6,0
18,19.8,20.733333333333334,0
16,19.8,20.466666666666665,0
28,22.0,21.4,0
25,23.4,21.533333333333335,0
14,20.2,21.133333333333333,0
26,21.8,21.4,0
22,23.0,21.733333333333334,0
22,21.8,22.0,0
31,23.0,22.266666666666666,0
30,26.2,22.4,0
33,27.6,23.066666666666666,0
24,28.0,23.6,0
18,27.2,23.666666666666668,0
25,26.0,24.133333333333333,0
27,25.4,23.933333333333334,0
2,2.0,2.0,0
4,3.0,3.0,0
0,2.0,2.0,0
3,2.25,2.25,0
2,2.2,2.2,0
3,2.4,2.3333333333333335,0
3,2.2,2.4285714285714284,0
1,2.4,2.25,0
5,2.8,2.5555555555555554,0
2,2.8,2.5,0
3,2.8,2.5454545454545454,0
8,3.8,3.0,0
4,4.4,3.076923076923077,0
2,3.8,3.0,0
2,3.8,2.933333333333333,0
3,3.8,3.0,0
2,2.6,2.8666666666666667,0
4,2.6,3.1333333333333333,0
3,2.8,3.1333333333333333,0
2,2.8,3.1333333333333333,0
4,3.0,3.2,0
5,3.6,3.3333333333333335,0
2,3.2,3.4,0
2,3.0,3.2,0
9,4.4,3.6666666666666665,0
4,4.4,3.7333333333333334,0
1,3.6,3.2666666666666666,0
8,4.8,3.533333333333333,0
8,6.0,3.933333333333333,0
8,5.8,4.333333333333333,0
5,6.0,4.466666666666667,0
2,6.2,4.466666666666667,0
4,5.4,4.466666666666667,0
2,2.0,2.0,0
4,3.0,3.0,0
1,2.3333333333333335,2.3333333333333335,0
9,4.0,4.0,0
2,3.6,3.6,0
10,5.2,4.666666666666667,0
11,6.6,5.571428571428571,0
2,6.8,5.125,0
3,5.6,4.888888888888889,0
4,6.0,4.8,0
0,4.0,4.363636363636363,0
4,2.6,4.333333333333333,0
3,2.8,4.230769230769231,0
6,3.4,4.357142857142857,0
2,3.0,4.2,0
5,4.0,4.4,0
6,4.4,4.533333333333333,0
4,4.6,4.733333333333333,0
1,3.6,4.2,0
5,4.2,4.4,0
5,4.2,4.066666666666666,0
20,7.0,4.666666666666667,0
1,6.4,4.6,0
6,7.4,4.8,0
21,10.6,5.933333333333334,0
12,12.0,6.733333333333333,0
5,9.0,6.8,0
2,9.2,6.733333333333333,0
2,8.4,6.466666666666667,0
11,6.4,7.066666666666666,0
11,6.2,7.466666666666667,0
